title,rating,link
Дюна,8,https://www.kinoafisha.info/movies/8355204/
Прыгуны,7,https://www.kinoafisha.info/movies/8378455/
Я иду искать 2,7,https://www.kinoafisha.info/movies/8380980/
Проект «Конец света»,8,https://www.kinoafisha.info/movies/8377116/
На помощь!,7,https://www.kinoafisha.info/movies/8377822/
Крик 7,6,https://www.kinoafisha.info/movies/8373377/
Зверополис 2,7,https://www.kinoafisha.info/movies/8369679/
28 лет спустя: Часть II. Храм костей,7,https://www.kinoafisha.info/movies/8382856/
Цинга,7,https://www.kinoafisha.info/movies/8379139/
Горничная,7,https://www.kinoafisha.info/movies/8379479/
Выход 8,6,https://www.kinoafisha.info/movies/8381332/
Сталкер,7,https://www.kinoafisha.info/movies/8375647/
Счастливого нового дня смерти,6,https://www.kinoafisha.info/movies/8354748/
Счастливого дня смерти,7,https://www.kinoafisha.info/movies/8329969/
Ночная смена,6,https://www.kinoafisha.info/movies/8378757/
Тёмные окна,5,https://www.kinoafisha.info/movies/8371847/
Кукла,6,https://www.kinoafisha.info/movies/8178032/
Влюблённые глаза,6,https://www.kinoafisha.info/movies/8380661/
Запределье,8,https://www.kinoafisha.info/movies/3691652/
Дожить до рассвета,6,https://www.kinoafisha.info/movies/8377343/
28 лет спустя,7,https://www.kinoafisha.info/movies/8374815/
Достать ножи: Воскрешение покойника,8,https://www.kinoafisha.info/movies/8377054/
Битва за битвой,8,https://www.kinoafisha.info/movies/8374261/
Виды доброты,6,https://www.kinoafisha.info/movies/8375369/
Кочегар,7,https://www.kinoafisha.info/movies/8088545/
Поток,8,https://www.kinoafisha.info/movies/8377786/
TheatreHD: Пупелль из города дымоходов,8,https://www.kinoafisha.info/movies/8383696/
Эмилия Перес,5,https://www.kinoafisha.info/movies/8377382/
Долгая прогулка,7,https://www.kinoafisha.info/movies/8381231/
Кейпоп-охотницы на демонов,8,https://www.kinoafisha.info/movies/8381908/
Злое,6,https://www.kinoafisha.info/movies/8356680/
Варвар,7,https://www.kinoafisha.info/movies/8368078/
Черный телефон,7,https://www.kinoafisha.info/movies/8365473/
Пойман с поличным,7,https://www.kinoafisha.info/movies/8375626/
Дичь,6,https://www.kinoafisha.info/movies/8361040/
Прочь,8,https://www.kinoafisha.info/movies/8328182/
"Кловерфилд, 10",7,https://www.kinoafisha.info/movies/8322634/
Монстро,7,https://www.kinoafisha.info/movies/3338982/
Парковка,6,https://www.kinoafisha.info/movies/3229746/
Кукловод,5,https://www.kinoafisha.info/movies/8355171/
Школьный автобус,7,https://www.kinoafisha.info/movies/8382033/
Не дыши,7,https://www.kinoafisha.info/movies/8178509/
Одержимые злом,7,https://www.kinoafisha.info/movies/8372387/
Проклятие Аннабель: зарождение зла,7,https://www.kinoafisha.info/movies/8326407/
Проклятие Аннабель,6,https://www.kinoafisha.info/movies/8165166/
Орудия,8,https://www.kinoafisha.info/movies/8376447/
Проклятие монахини 2,6,https://www.kinoafisha.info/movies/8367013/
Проклятие монахини,5,https://www.kinoafisha.info/movies/8329189/
Вертикальный предел,6,https://www.kinoafisha.info/movies/8328532/
Бэтмен,8,https://www.kinoafisha.info/movies/8355224/
Рассвет мертвецов,7,https://www.kinoafisha.info/movies/5552/
Район №9,8,https://www.kinoafisha.info/movies/6660732/
Титаник,8,https://www.kinoafisha.info/movies/3577360/
Типа крутые легавые,8,https://www.kinoafisha.info/movies/1090229/
Признания,8,https://www.kinoafisha.info/movies/8365701/
Зомби по имени Шон,8,https://www.kinoafisha.info/movies/8144392/
28 недель спустя,7,https://www.kinoafisha.info/movies/1300828/
28 дней спустя,8,https://www.kinoafisha.info/movies/5483/
Пролетая над гнездом кукушки,9,https://www.kinoafisha.info/movies/236197/
Ловушка,6,https://www.kinoafisha.info/movies/8372864/
Никто не выжил,6,https://www.kinoafisha.info/movies/8127251/
Стук в дверь,6,https://www.kinoafisha.info/movies/8365514/
Время,6,https://www.kinoafisha.info/movies/8360893/
"Не беспокойся, дорогая",6,https://www.kinoafisha.info/movies/8364428/
Шары ярости,5,https://www.kinoafisha.info/movies/1237758/
Грибы 3D,5,https://www.kinoafisha.info/movies/8123405/
Грибы,5,https://www.kinoafisha.info/movies/1453032/
Огни большого города,9,https://www.kinoafisha.info/movies/3761153/
Охота,7,https://www.kinoafisha.info/movies/8355955/
На краю,5,https://www.kinoafisha.info/movies/8368606/
Верни её из мертвых,7,https://www.kinoafisha.info/movies/8376684/
Гадкая сестра,7,https://www.kinoafisha.info/movies/8381113/
Злая: Сказка о ведьме Запада,7,https://www.kinoafisha.info/movies/8327464/
Отступники,9,https://www.kinoafisha.info/movies/923488/
Грешники,8,https://www.kinoafisha.info/movies/8375497/
Пункт назначения: Узы крови,7,https://www.kinoafisha.info/movies/8375216/
Плезантвиль,8,https://www.kinoafisha.info/movies/3922833/
Майнкрафт в кино,6,https://www.kinoafisha.info/movies/8327751/
Треугольник,7,https://www.kinoafisha.info/movies/7786150/
Вышка,6,https://www.kinoafisha.info/movies/8367222/
Ловушка,5,https://www.kinoafisha.info/movies/7667727/
Пропавшая,6,https://www.kinoafisha.info/movies/8362012/
Реинкарнация,7,https://www.kinoafisha.info/movies/8354351/
Еретик,7,https://www.kinoafisha.info/movies/8377146/
Омен. Непорочная,6,https://www.kinoafisha.info/movies/8368076/
Обезьяна,6,https://www.kinoafisha.info/movies/8375654/
Бедные-несчастные,8,https://www.kinoafisha.info/movies/8370743/
Уоллес и Громит: Проклятие Кролика-Оборотня,8,https://www.kinoafisha.info/movies/419453/
Компаньон,7,https://www.kinoafisha.info/movies/8377048/
Хэллфест,6,https://www.kinoafisha.info/movies/8354892/
Все мои друзья мертвы,5,https://www.kinoafisha.info/movies/8376148/
Иван Грозный,8,https://www.kinoafisha.info/movies/3997318/
Арт-лекторий: Глазами Джейми Уайета,8,https://www.kinoafisha.info/movies/8379568/
Подай знак,7,https://www.kinoafisha.info/movies/8374243/
Сфера,6,https://www.kinoafisha.info/movies/5165263/
Конклав,7,https://www.kinoafisha.info/movies/8375214/
Реальные зомби,5,https://www.kinoafisha.info/movies/8372887/
Улыбка 2,7,https://www.kinoafisha.info/movies/8372933/
Улыбка,7,https://www.kinoafisha.info/movies/8367293/
Психиатрическая больница Конджиам,7,https://www.kinoafisha.info/movies/8366931/
День Святого Валентина,5,https://www.kinoafisha.info/movies/3641921/
Анора,8,https://www.kinoafisha.info/movies/8372847/
Носферату,8,https://www.kinoafisha.info/movies/8367926/
"Носферату, симфония ужаса",8,https://www.kinoafisha.info/movies/3638322/
Маяк,7,https://www.kinoafisha.info/movies/8355383/
Субстанция,7,https://www.kinoafisha.info/movies/8366535/
TheatrHD: Венская опера: Турандот,9,https://www.kinoafisha.info/movies/8379685/
Мейбридж: Поймать движение,7,https://www.kinoafisha.info/movies/8375963/
Нет,7,https://www.kinoafisha.info/movies/8365057/
Астрал. Онлайн,7,https://www.kinoafisha.info/movies/8361424/
Полночь с дьяволом,7,https://www.kinoafisha.info/movies/8375072/
Королевская битва,8,https://www.kinoafisha.info/movies/7756263/
TheatreHD: Ноймайер: Стеклянный зверинец,9,https://www.kinoafisha.info/movies/8379201/
Собиратель душ,7,https://www.kinoafisha.info/movies/8368248/
Кукушка,6,https://www.kinoafisha.info/movies/8374762/
Зона интересов,7,https://www.kinoafisha.info/movies/8371213/
Головоломка 2,8,https://www.kinoafisha.info/movies/8367726/
Эффект Пигмалиона,9,https://www.kinoafisha.info/movies/8378385/
Чужой: Ромул,7,https://www.kinoafisha.info/movies/8370568/
Чужой: Завет,6,https://www.kinoafisha.info/movies/8322125/
Прометей,7,https://www.kinoafisha.info/movies/8136355/
Зальцбург: Фальстаф,9,https://www.kinoafisha.info/movies/8378384/
Чужой 4: Воскрешение,6,https://www.kinoafisha.info/movies/5811126/
Чужой 3,6,https://www.kinoafisha.info/movies/5811338/
Чужие,8,https://www.kinoafisha.info/movies/5411374/
Чужой,9,https://www.kinoafisha.info/movies/4722633/
Без обид,6,https://www.kinoafisha.info/movies/8365547/
Я иду искать,7,https://www.kinoafisha.info/movies/8356295/
Зальцбург: Макбет,9,https://www.kinoafisha.info/movies/8377819/
Белая лента,8,https://www.kinoafisha.info/movies/7753846/
Эбигейл,7,https://www.kinoafisha.info/movies/8373924/
L.A.D.,9,https://www.kinoafisha.info/movies/8377415/
Безумная свадьба,7,https://www.kinoafisha.info/movies/8164242/
Паутина страха,6,https://www.kinoafisha.info/movies/8372056/
Неожиданные связи,6,https://www.kinoafisha.info/movies/8374441/
Унесенные призраками,9,https://www.kinoafisha.info/movies/1250373/
Джентльмены удачи,8,https://www.kinoafisha.info/movies/5435753/
На последнем дыхании,8,https://www.kinoafisha.info/movies/330061/
Выживут только любовники,7,https://www.kinoafisha.info/movies/8137803/
Шоссе в никуда,8,https://www.kinoafisha.info/movies/8091635/
Пять сантиметров в секунду,8,https://www.kinoafisha.info/movies/8107096/
Присцилла: Элвис и я,7,https://www.kinoafisha.info/movies/8367980/
Апокалипсис,8,https://www.kinoafisha.info/movies/1020519/
Принцесса Мононоке,8,https://www.kinoafisha.info/movies/4019055/
Панические атаки,7,https://www.kinoafisha.info/movies/8373482/
Волнами,7,https://www.kinoafisha.info/movies/8368303/
Последний наемник,6,https://www.kinoafisha.info/movies/8365666/
Стальная хватка,8,https://www.kinoafisha.info/movies/8368040/
Задира,7,https://www.kinoafisha.info/movies/8372282/
Ошибка инженера Кочина,6,https://www.kinoafisha.info/movies/8371175/
Феррари,7,https://www.kinoafisha.info/movies/8360869/
Химера,8,https://www.kinoafisha.info/movies/8366720/
Великая магия,7,https://www.kinoafisha.info/movies/8371935/
"Голубь сидел на ветке, размышляя о жизни",7,https://www.kinoafisha.info/movies/8172117/
Волга-Волга,7,https://www.kinoafisha.info/movies/8087691/
Контрабандистки,6,https://www.kinoafisha.info/movies/8372680/
Форс-мажор,7,https://www.kinoafisha.info/movies/8168727/
Бродячий автобус,7,https://www.kinoafisha.info/movies/8327892/
Нина,6,https://www.kinoafisha.info/movies/8371235/
Мальчик и птица,8,https://www.kinoafisha.info/movies/8353726/
Немая ярость,6,https://www.kinoafisha.info/movies/8365669/
Крецул,7,https://www.kinoafisha.info/movies/8365744/
Новая Москва,6,https://www.kinoafisha.info/movies/6213678/
Королевство зверей,7,https://www.kinoafisha.info/movies/8372553/
Книга решений,7,https://www.kinoafisha.info/movies/8370846/
Дворец,5,https://www.kinoafisha.info/movies/8367113/
Катастрофа,6,https://www.kinoafisha.info/movies/8371521/
Третья планета,6,https://www.kinoafisha.info/movies/7578092/
Запретная страсть,7,https://www.kinoafisha.info/movies/8372840/
Порох,8,https://www.kinoafisha.info/movies/7705625/
Чувства Анны,7,https://www.kinoafisha.info/movies/8370802/
В паутине,7,https://www.kinoafisha.info/movies/8371778/
Следующая жертва,7,https://www.kinoafisha.info/movies/8372436/
Королевство полной луны,8,https://www.kinoafisha.info/movies/8121028/
Пиковая дама,8,https://www.kinoafisha.info/movies/8372697/
Одержимость,9,https://www.kinoafisha.info/movies/8165237/
Расемон,8,https://www.kinoafisha.info/movies/1013764/
Отпуск в октябре,8,https://www.kinoafisha.info/movies/8371629/
Год рождения,8,https://www.kinoafisha.info/movies/8371724/
Зальцбург-100: Травиата,9,https://www.kinoafisha.info/movies/8365780/
Восемь с половиной,8,https://www.kinoafisha.info/movies/4491338/
Клетка ищет птицу,6,https://www.kinoafisha.info/movies/8371336/
Семь психопатов,7,https://www.kinoafisha.info/movies/8119741/
1993,7,https://www.kinoafisha.info/movies/8367626/
Анатомия падения,8,https://www.kinoafisha.info/movies/8371214/
"Иди ко мне, детка!",6,https://www.kinoafisha.info/movies/8369055/
Дурные деньги,7,https://www.kinoafisha.info/movies/8367918/
Курентзис: Малер. Симфония № 5,8,https://www.kinoafisha.info/movies/8372110/
Пожары,8,https://www.kinoafisha.info/movies/8111350/
Студия 54,7,https://www.kinoafisha.info/movies/8356546/
Ученик чудовища,8,https://www.kinoafisha.info/movies/8320508/
Барби,7,https://www.kinoafisha.info/movies/8324026/
Великая ирония,7,https://www.kinoafisha.info/movies/8367811/
Миттельмарш,7,https://www.kinoafisha.info/movies/8367451/
Хованщина,8,https://www.kinoafisha.info/movies/8175891/
Оппенгеймер,9,https://www.kinoafisha.info/movies/8365507/
32 звука,8,https://www.kinoafisha.info/movies/8370731/
Звук свободы,4,https://www.kinoafisha.info/movies/8371779/
Проклятое наследие,5,https://www.kinoafisha.info/movies/8371648/
Олдбой,8,https://www.kinoafisha.info/movies/3729696/
Вычитание,7,https://www.kinoafisha.info/movies/8371831/
Голда. Судный день,6,https://www.kinoafisha.info/movies/8365776/
Звонок,7,https://www.kinoafisha.info/movies/7678983/
Балеты Матса Эка: Барышников и Гиллем,8,https://www.kinoafisha.info/movies/8371903/
OperaHD: Ноймайер. Орфей и Эвридика,8,https://www.kinoafisha.info/movies/8366639/
Шепоты мертвого дома,6,https://www.kinoafisha.info/movies/8367639/
Только ты и я,7,https://www.kinoafisha.info/movies/8371545/
Посредники,7,https://www.kinoafisha.info/movies/8366966/
"Два, три, демон, приди!",8,https://www.kinoafisha.info/movies/8370794/
Только Бог простит,6,https://www.kinoafisha.info/movies/8150084/
Аманда,7,https://www.kinoafisha.info/movies/8371036/
Амели,8,https://www.kinoafisha.info/movies/1795995/
Эми,8,https://www.kinoafisha.info/movies/8176220/
Красивый мальчик,7,https://www.kinoafisha.info/movies/8353609/
Неудержимые,6,https://www.kinoafisha.info/movies/7673575/
Паровоз Генерал,8,https://www.kinoafisha.info/movies/4163822/
Элвис,7,https://www.kinoafisha.info/movies/8356953/
Свинка,6,https://www.kinoafisha.info/movies/8370952/
Донни Дарко,8,https://www.kinoafisha.info/movies/5271/
Кентавр,7,https://www.kinoafisha.info/movies/8369275/
Король улиц,6,https://www.kinoafisha.info/movies/8371306/
Великая красота,8,https://www.kinoafisha.info/movies/8154634/
Жанна Дюбарри,7,https://www.kinoafisha.info/movies/8368088/
Банши Инишерина,8,https://www.kinoafisha.info/movies/8367429/
Золотая лихорадка,8,https://www.kinoafisha.info/movies/3549970/
Шерлок младший,8,https://www.kinoafisha.info/movies/5546509/
Малыш,8,https://www.kinoafisha.info/movies/5554225/
Стоп-слово,6,https://www.kinoafisha.info/movies/8370762/
В поисках снежного барса,8,https://www.kinoafisha.info/movies/8370911/
Гипнотик,6,https://www.kinoafisha.info/movies/8370260/
Стрингер,8,https://www.kinoafisha.info/movies/8157730/
Личная жизнь,7,https://www.kinoafisha.info/movies/8367665/
Сон в летнюю ночь,9,https://www.kinoafisha.info/movies/8323299/
Копенгагена не существует,6,https://www.kinoafisha.info/movies/8370942/
Мое преступление,7,https://www.kinoafisha.info/movies/8368456/
Зальцбург: Ариодант,9,https://www.kinoafisha.info/movies/8371107/
Укрась прощальное утро цветами обещания,7,https://www.kinoafisha.info/movies/8353932/
TheatreHD: Золотая маска: Ромео и Джульетта,9,https://www.kinoafisha.info/movies/8329117/
Переводчик,8,https://www.kinoafisha.info/movies/8365644/
Джон Уик 2,7,https://www.kinoafisha.info/movies/8324301/
Новый порядок,9,https://www.kinoafisha.info/movies/8361046/
Все страхи Бо,7,https://www.kinoafisha.info/movies/8365621/
Убийца «Священный паук»,7,https://www.kinoafisha.info/movies/8367393/
Зальцбург-100: Свадьба Фигаро,8,https://www.kinoafisha.info/movies/8365782/
Воспоминания об убийстве,8,https://www.kinoafisha.info/movies/7795707/
Не слышу зла,6,https://www.kinoafisha.info/movies/8366935/
Звёзды в полдень,6,https://www.kinoafisha.info/movies/8367856/
Земля Алькаррас,7,https://www.kinoafisha.info/movies/8366388/
Забавные игры,8,https://www.kinoafisha.info/movies/4107814/
Город Бога,9,https://www.kinoafisha.info/movies/5548/
Возвращение в Сеул,7,https://www.kinoafisha.info/movies/8368229/
Бюро магических услуг,6,https://www.kinoafisha.info/movies/8365951/
Нежная кожа,8,https://www.kinoafisha.info/movies/7804605/
Три мушкетёра: Д’Артаньян,7,https://www.kinoafisha.info/movies/8367019/
Зальцбург-100: Электра,8,https://www.kinoafisha.info/movies/8365779/
Жюль и Джим,8,https://www.kinoafisha.info/movies/7706262/
Ее заветное желание,8,https://www.kinoafisha.info/movies/8364795/
Лебединое озеро,8,https://www.kinoafisha.info/movies/8327822/
Четыреста ударов,8,https://www.kinoafisha.info/movies/954053/
Пиноккио Гильермо дель Торо,8,https://www.kinoafisha.info/movies/8354319/
Кот в сапогах 2: Последнее желание,8,https://www.kinoafisha.info/movies/8168525/
Солнце моё,8,https://www.kinoafisha.info/movies/8367810/
OperaHD: Сон в летнюю ночь,8,https://www.kinoafisha.info/movies/8365433/
Кот в сапогах,7,https://www.kinoafisha.info/movies/8093232/
OperaHD: Венская опера: Тоска,8,https://www.kinoafisha.info/movies/8365770/
Salzburger Festspiele: Мессия,8,https://www.kinoafisha.info/movies/8369061/
Роден,8,https://www.kinoafisha.info/movies/8367822/
Курентзис: Бетховен. Симфония №9,8,https://www.kinoafisha.info/movies/8368988/
Меню,7,https://www.kinoafisha.info/movies/8366967/
Ноймайер: Рождественская оратория Баха,8,https://www.kinoafisha.info/movies/8368292/
Арена ди Верона 2019: Трубадур,8,https://www.kinoafisha.info/movies/8367493/
Небо над Берлином,8,https://www.kinoafisha.info/movies/274899/
Hamburg Ballet: Нижинский,8,https://www.kinoafisha.info/movies/8367982/
Лили и море,6,https://www.kinoafisha.info/movies/8367997/
Голгофа,7,https://www.kinoafisha.info/movies/8144275/
Достать ножи 2: Стеклянная луковица,7,https://www.kinoafisha.info/movies/8356946/
"Более странно, чем в раю",7,https://www.kinoafisha.info/movies/1947125/
Таинственный поезд,8,https://www.kinoafisha.info/movies/330136/
Аватар 2: Путь воды,8,https://www.kinoafisha.info/movies/8103877/
Кофе и сигареты,7,https://www.kinoafisha.info/movies/5644/
Ноймайер: Русалочка,8,https://www.kinoafisha.info/movies/8367185/
Операция «Фортуна»: Искусство побеждать,5,https://www.kinoafisha.info/movies/8361037/
Курентзис: Моцарт,8,https://www.kinoafisha.info/movies/8368685/
Амстердам,6,https://www.kinoafisha.info/movies/8367008/
Брегенцский фестиваль 2019: Риголетто,8,https://www.kinoafisha.info/movies/8367830/
Песнь моря,8,https://www.kinoafisha.info/movies/8163915/
Нуреев: Ромео и Джульетта,8,https://www.kinoafisha.info/movies/8366366/
Таинственное убийство,7,https://www.kinoafisha.info/movies/8367925/
Капитан Фантастик,8,https://www.kinoafisha.info/movies/8326546/
Балабанов. Колокольня. Реквием,7,https://www.kinoafisha.info/movies/8367992/
OperaHD: Собор Парижской Богоматери,8,https://www.kinoafisha.info/movies/8367044/
Треугольник печали,8,https://www.kinoafisha.info/movies/8362136/
Тори и Локита,7,https://www.kinoafisha.info/movies/8367894/
Заговор в Каире,7,https://www.kinoafisha.info/movies/8367802/
Чрезвычайная ситуация,7,https://www.kinoafisha.info/movies/8367826/
Экстаз,7,https://www.kinoafisha.info/movies/8354799/
Лебединое озеро,8,https://www.kinoafisha.info/movies/8366190/
OperaHD: Красное и черное,8,https://www.kinoafisha.info/movies/8365804/
Бьютифул,7,https://www.kinoafisha.info/movies/8090368/
Щелкунчик: Перезагрузка,8,https://www.kinoafisha.info/movies/8367619/
Пришелец из будущего,7,https://www.kinoafisha.info/movies/8367851/
Маленький Николя,7,https://www.kinoafisha.info/movies/8367823/
Корсаж,7,https://www.kinoafisha.info/movies/8367545/
Вихрь,8,https://www.kinoafisha.info/movies/8365292/
Мастер,7,https://www.kinoafisha.info/movies/8136436/
Орландо,7,https://www.kinoafisha.info/movies/1068692/
История гражданской войны,7,https://www.kinoafisha.info/movies/8367890/
"Невероятно, но факт",7,https://www.kinoafisha.info/movies/8366719/
Под облаками,6,https://www.kinoafisha.info/movies/8367868/
Дела человеческие,7,https://www.kinoafisha.info/movies/8365290/
Нитрам,7,https://www.kinoafisha.info/movies/8365289/
Кома,7,https://www.kinoafisha.info/movies/8367874/
Пассажиры ночи,7,https://www.kinoafisha.info/movies/8366667/
Грязь,7,https://www.kinoafisha.info/movies/8145859/
Решение уйти,7,https://www.kinoafisha.info/movies/8367030/
"Черная кошка, белый кот",8,https://www.kinoafisha.info/movies/963030/
Три тысячи лет желаний,7,https://www.kinoafisha.info/movies/8366950/
Артист,8,https://www.kinoafisha.info/movies/8119157/
Преступления будущего,6,https://www.kinoafisha.info/movies/8365491/
Герцогиня Мальфи,7,https://www.kinoafisha.info/movies/8175169/
Подельники,6,https://www.kinoafisha.info/movies/8365183/
Эскортницы,5,https://www.kinoafisha.info/movies/8366979/
Охота,8,https://www.kinoafisha.info/movies/8135747/
Тёмные очки,5,https://www.kinoafisha.info/movies/8365680/
Шербурские зонтики,8,https://www.kinoafisha.info/movies/4161831/
Драйв,8,https://www.kinoafisha.info/movies/7907277/
Джейн глазами Шарлотты,7,https://www.kinoafisha.info/movies/8365291/
Венецияфрения,5,https://www.kinoafisha.info/movies/8365548/
Род мужской,6,https://www.kinoafisha.info/movies/8366631/
Главная роль,7,https://www.kinoafisha.info/movies/8365206/
Фанни и Александр,8,https://www.kinoafisha.info/movies/1210206/
Джейн Б. глазами Аньес В.,7,https://www.kinoafisha.info/movies/8367140/
Виридиана,8,https://www.kinoafisha.info/movies/7691927/
Достучаться до небес,8,https://www.kinoafisha.info/movies/7275899/
"Хиросима, моя любовь",8,https://www.kinoafisha.info/movies/5100326/
Сальвадор Дали: В поисках бессмертия,7,https://www.kinoafisha.info/movies/8355098/
Земляничная поляна,8,https://www.kinoafisha.info/movies/904342/
Назад в будущее 3,7,https://www.kinoafisha.info/movies/5412783/
Назад в будущее 2,8,https://www.kinoafisha.info/movies/5412816/
Назад в будущее,9,https://www.kinoafisha.info/movies/5412787/
Парк,7,https://www.kinoafisha.info/movies/8365768/
Морфий,7,https://www.kinoafisha.info/movies/4607229/
"Все хорошо, что хорошо кончается",7,https://www.kinoafisha.info/movies/8159627/
Вне закона,8,https://www.kinoafisha.info/movies/808396/
Закат,7,https://www.kinoafisha.info/movies/8366000/
Бабушка,6,https://www.kinoafisha.info/movies/8365386/
Всё везде и сразу,9,https://www.kinoafisha.info/movies/8355557/
Мне не больно,7,https://www.kinoafisha.info/movies/643638/
Про уродов и людей,7,https://www.kinoafisha.info/movies/8100088/
Брат 2,8,https://www.kinoafisha.info/movies/8125705/
Сядь за руль моей машины,8,https://www.kinoafisha.info/movies/8365147/
Худший человек на свете,8,https://www.kinoafisha.info/movies/8365442/
Брат,8,https://www.kinoafisha.info/movies/8098609/
Три цвета: красный,8,https://www.kinoafisha.info/movies/8105917/
Герой,8,https://www.kinoafisha.info/movies/8364998/
Брат во всем,7,https://www.kinoafisha.info/movies/8366394/
Касабланка,9,https://www.kinoafisha.info/movies/902621/
Три цвета: Белый,8,https://www.kinoafisha.info/movies/8326781/
Три цвета: синий,8,https://www.kinoafisha.info/movies/8117603/
Крестный отец,9,https://www.kinoafisha.info/movies/3974172/
Сирано,6,https://www.kinoafisha.info/movies/8364451/
Телохранитель,6,https://www.kinoafisha.info/movies/8104501/
Ночь на земле,8,https://www.kinoafisha.info/movies/330183/
Камон Камон,8,https://www.kinoafisha.info/movies/8356943/
Главный герой,7,https://www.kinoafisha.info/movies/8356294/
Анчартед: на картах не значится,7,https://www.kinoafisha.info/movies/8175949/
Смерть на Ниле,7,https://www.kinoafisha.info/movies/8354277/
The Beatles: Get Back — Концерт на крыше,9,https://www.kinoafisha.info/movies/8366426/
Агент 117: Из Африки с любовью,7,https://www.kinoafisha.info/movies/8363137/
Седьмая печать,8,https://www.kinoafisha.info/movies/7735799/
Самый пьяный округ в мире,7,https://www.kinoafisha.info/movies/8131761/
Паранормальные,7,https://www.kinoafisha.info/movies/8365201/
Агент 117: Миссия в Рио,7,https://www.kinoafisha.info/movies/7742605/
Падение Луны,5,https://www.kinoafisha.info/movies/8364698/
Параллельные матери,7,https://www.kinoafisha.info/movies/8364721/
День сурка,8,https://www.kinoafisha.info/movies/5412773/
Я — Златан,7,https://www.kinoafisha.info/movies/8364426/
Агент 117,7,https://www.kinoafisha.info/movies/1024990/
Бабий Яр. Контекст,8,https://www.kinoafisha.info/movies/8365383/
Событие,7,https://www.kinoafisha.info/movies/8365295/
Всё прошло хорошо,7,https://www.kinoafisha.info/movies/8364722/
Фотоувеличение,8,https://www.kinoafisha.info/movies/330051/
Ходячий замок,8,https://www.kinoafisha.info/movies/329966/
Фальшивомонетчик,5,https://www.kinoafisha.info/movies/8365099/
Аллея кошмаров,7,https://www.kinoafisha.info/movies/8356915/
King’s man: Начало,7,https://www.kinoafisha.info/movies/8355275/
Лакричная пицца,8,https://www.kinoafisha.info/movies/8365427/
Реальная любовь,8,https://www.kinoafisha.info/movies/5464/
Матрица: Воскрешение,7,https://www.kinoafisha.info/movies/8356583/
Матрица: Революция,7,https://www.kinoafisha.info/movies/5421/
Матрица: Перезагрузка,7,https://www.kinoafisha.info/movies/5320/
Заводной апельсин,8,https://www.kinoafisha.info/movies/955124/
Спенсер,7,https://www.kinoafisha.info/movies/8364402/
Матрица,9,https://www.kinoafisha.info/movies/3788758/
Вестсайдская история,8,https://www.kinoafisha.info/movies/8355279/
Охотники за привидениями: наследники,8,https://www.kinoafisha.info/movies/8355619/
Долгая счастливая жизнь,7,https://www.kinoafisha.info/movies/7578072/
День мертвых,7,https://www.kinoafisha.info/movies/8365335/
Охотники за привидениями,8,https://www.kinoafisha.info/movies/3729109/
Дом Gucci,7,https://www.kinoafisha.info/movies/8364421/
Купе номер 6,8,https://www.kinoafisha.info/movies/8360597/
Мертвец,8,https://www.kinoafisha.info/movies/330052/
Энканто,8,https://www.kinoafisha.info/movies/8364896/
Прошлой ночью в Сохо,7,https://www.kinoafisha.info/movies/8356618/
Король Ричард,8,https://www.kinoafisha.info/movies/8356299/
Дурное воспитание,8,https://www.kinoafisha.info/movies/5604/
Молоко птицы,8,https://www.kinoafisha.info/movies/8364861/
Французский вестник. Приложение к газете «Либерти. Канзас ивнинг сан»,8,https://www.kinoafisha.info/movies/8355488/
Медея,7,https://www.kinoafisha.info/movies/8365188/
Последняя дуэль,8,https://www.kinoafisha.info/movies/8356831/
Память,7,https://www.kinoafisha.info/movies/8364844/
